<?xml version="1.0" encoding="UTF-8"?>
<beans xmlns="http://www.springframework.org/schema/beans"
	xmlns:xsi="http://www.w3.org/2001/XMLSchema-instance"
	xmlns:context="http://www.springframework.org/schema/context"
	xsi:schemaLocation="http://www.springframework.org/schema/beans
	    http://www.springframework.org/schema/beans/spring-beans.xsd
		http://www.springframework.org/schema/context
		  http://www.springframework.org/schema/context/spring-context-4.3.xsd">

  <!-- DataSource configuration -->
   <bean id="hkDs"  class="com.zaxxer.hikari.HikariDataSource">
      <property name="driverClassName"  value="oracle.jdbc.driver.OracleDriver"/>
      <property name="jdbcUrl" value="jdbc:oracle:thin:@localhost:1521:xe"/>
      <property name="username" value="system"/>
      <property  name="password" value="manager"/>
      <property name="minimumIdle" value="10"/>
      <property name="maximumPoolSize" value="1000"/>
   </bean>
   
   <!-- JdbcTemplate configuration -->
   <bean id="ntempate"  class="org.springframework.jdbc.core.namedparam.NamedParameterJdbcTemplate">
      <constructor-arg name="dataSource"  ref="hkDs"/>
   </bean>
   
   <!-- Enable the component scan -->
   <context:component-scan base-package="com.nt"/>

</beans>
