<?xml version="1.0" encoding="UTF-8"?>
<beans xmlns="http://www.springframework.org/schema/beans"
    xmlns:xsi="http://www.w3.org/2001/XMLSchema-instance"
    xmlns:context="http://www.springframework.org/schema/context"
    xsi:schemaLocation="http://www.springframework.org/schema/beans
    http://www.springframework.org/schema/beans/spring-beans-3.0.xsd
    http://www.springframework.org/schema/context
    http://www.springframework.org/schema/context/spring-context-3.0.xsd">  
  
     <!-- cfg  LocalDateTime class as spring bean by enabling factory-method instantiation -->
      <bean id="sysDt" class="java.time.LocalDateTime"  factory-method="now"  />
      
      
      <bean id="ldt" class="java.time.LocalDateTime"  factory-method="of"  >
          <constructor-arg  value="2022"/>
          <constructor-arg value="10"/>
          <constructor-arg  value="20"/>
          <constructor-arg  value="17"/>
          <constructor-arg  value="20"/>
      </bean>
      
      <!-- Enable Component scanning on com.nt.sbeans pkg -->
       <context:component-scan base-package="com.nt.sbeans"  />
  
  </beans>