<?xml version="1.0" encoding="UTF-8"?>
<beans xmlns="http://www.springframework.org/schema/beans"
	xmlns:xsi="http://www.w3.org/2001/XMLSchema-instance"
	xmlns:context="http://www.springframework.org/schema/context"
	xmlns:mvc="http://www.springframework.org/schema/mvc"
	xsi:schemaLocation="http://www.springframework.org/schema/beans https://www.springframework.org/schema/beans/spring-beans-3.1.xsd
		http://www.springframework.org/schema/context https://www.springframework.org/schema/context/spring-context-4.3.xsd
		http://www.springframework.org/schema/mvc https://www.springframework.org/schema/mvc/spring-mvc.xsd">

     <!-- DataSource cfg -->
     <bean id="hkDs"  class="com.zaxxer.hikari.HikariDataSource">
        <property name="driverClassName"  value="oracle.jdbc.driver.OracleDriver"/>
        <property name="jdbcUrl"  value="jdbc:oracle:thin:@localhost:1521:xe"/>
        <property name="username" value="system"/>
        <property name="password" value="tiger"/>
        <property name="minimumIdle"  value="10"/>
        <property name="maximumPoolSize" value="1000"/>
        <property name="idleTimeout" value="40000"/>
     </bean>
     
     <!-- JdbcTemplate cfg -->
     <bean id="template"  class="org.springframework.jdbc.core.JdbcTemplate">
          <property name="dataSource"  ref="hkDs"/>
     </bean>

   <!-- Component scanning -->
     <context:component-scan base-package="com.nt"/>
     
     <!-- ViewResolver cfg -->
     <bean id="irvr" class="org.springframework.web.servlet.view.InternalResourceViewResolver">
         <property name="prefix" value="/WEB-INF/pages/"/>
         <property name="suffix" value=".jsp"/>
     </bean>
     
     <!-- cfg  the static resources folder -->
     <mvc:resources location="/resources/" mapping="/resources/**"/>
     <mvc:annotation-driven/>

</beans>
